CREATE DATABASE  IF NOT EXISTS `mobiliaria` /*!40100 DEFAULT CHARACTER SET utf8mb4 COLLATE utf8mb4_0900_ai_ci */ /*!80016 DEFAULT ENCRYPTION='N' */;
USE `mobiliaria`;
-- MySQL dump 10.13  Distrib 8.0.22, for Win64 (x86_64)
--
-- Host: localhost    Database: mobiliaria
-- ------------------------------------------------------
-- Server version	8.0.22

/*!40101 SET @OLD_CHARACTER_SET_CLIENT=@@CHARACTER_SET_CLIENT */;
/*!40101 SET @OLD_CHARACTER_SET_RESULTS=@@CHARACTER_SET_RESULTS */;
/*!40101 SET @OLD_COLLATION_CONNECTION=@@COLLATION_CONNECTION */;
/*!50503 SET NAMES utf8 */;
/*!40103 SET @OLD_TIME_ZONE=@@TIME_ZONE */;
/*!40103 SET TIME_ZONE='+00:00' */;
/*!40014 SET @OLD_UNIQUE_CHECKS=@@UNIQUE_CHECKS, UNIQUE_CHECKS=0 */;
/*!40014 SET @OLD_FOREIGN_KEY_CHECKS=@@FOREIGN_KEY_CHECKS, FOREIGN_KEY_CHECKS=0 */;
/*!40101 SET @OLD_SQL_MODE=@@SQL_MODE, SQL_MODE='NO_AUTO_VALUE_ON_ZERO' */;
/*!40111 SET @OLD_SQL_NOTES=@@SQL_NOTES, SQL_NOTES=0 */;

--
-- Table structure for table `tb_boleta`
--

DROP TABLE IF EXISTS `tb_boleta`;
/*!40101 SET @saved_cs_client     = @@character_set_client */;
/*!50503 SET character_set_client = utf8mb4 */;
CREATE TABLE `tb_boleta` (
  `num_bol` char(5) NOT NULL,
  `fch_bol` date DEFAULT NULL,
  `cod_cliente` int NOT NULL,
  PRIMARY KEY (`num_bol`),
  KEY `cod_cliente` (`cod_cliente`),
  CONSTRAINT `tb_boleta_ibfk_1` FOREIGN KEY (`cod_cliente`) REFERENCES `tb_clientes` (`cod_cliente`)
) ENGINE=InnoDB DEFAULT CHARSET=utf8mb4 COLLATE=utf8mb4_0900_ai_ci;
/*!40101 SET character_set_client = @saved_cs_client */;

--
-- Dumping data for table `tb_boleta`
--

LOCK TABLES `tb_boleta` WRITE;
/*!40000 ALTER TABLE `tb_boleta` DISABLE KEYS */;
INSERT INTO `tb_boleta` VALUES ('B0001','2022-05-20',202201),('B0002','2022-05-20',202202);
/*!40000 ALTER TABLE `tb_boleta` ENABLE KEYS */;
UNLOCK TABLES;

--
-- Table structure for table `tb_clientes`
--

DROP TABLE IF EXISTS `tb_clientes`;
/*!40101 SET @saved_cs_client     = @@character_set_client */;
/*!50503 SET character_set_client = utf8mb4 */;
CREATE TABLE `tb_clientes` (
  `cod_cliente` int NOT NULL,
  `nombre` varchar(30) DEFAULT NULL,
  `apellido` varchar(30) DEFAULT NULL,
  PRIMARY KEY (`cod_cliente`)
) ENGINE=InnoDB DEFAULT CHARSET=utf8mb4 COLLATE=utf8mb4_0900_ai_ci;
/*!40101 SET character_set_client = @saved_cs_client */;

--
-- Dumping data for table `tb_clientes`
--

LOCK TABLES `tb_clientes` WRITE;
/*!40000 ALTER TABLE `tb_clientes` DISABLE KEYS */;
INSERT INTO `tb_clientes` VALUES (202201,'Javier','Gonzales'),(202202,'Luis','Navarrete'),(202203,'Daniel','Machuca'),(202204,'Carlos','Alcocer');
/*!40000 ALTER TABLE `tb_clientes` ENABLE KEYS */;
UNLOCK TABLES;

--
-- Table structure for table `tb_det_boleta`
--

DROP TABLE IF EXISTS `tb_det_boleta`;
/*!40101 SET @saved_cs_client     = @@character_set_client */;
/*!50503 SET character_set_client = utf8mb4 */;
CREATE TABLE `tb_det_boleta` (
  `num_bol` char(5) NOT NULL,
  `cod_prod` int NOT NULL,
  `cantidad` int DEFAULT NULL,
  `preciovta` decimal(8,2) DEFAULT NULL,
  PRIMARY KEY (`num_bol`,`cod_prod`),
  KEY `cod_prod` (`cod_prod`),
  CONSTRAINT `tb_det_boleta_ibfk_1` FOREIGN KEY (`num_bol`) REFERENCES `tb_boleta` (`num_bol`),
  CONSTRAINT `tb_det_boleta_ibfk_2` FOREIGN KEY (`cod_prod`) REFERENCES `tb_productos` (`cod_prod`)
) ENGINE=InnoDB DEFAULT CHARSET=utf8mb4 COLLATE=utf8mb4_0900_ai_ci;
/*!40101 SET character_set_client = @saved_cs_client */;

--
-- Dumping data for table `tb_det_boleta`
--

LOCK TABLES `tb_det_boleta` WRITE;
/*!40000 ALTER TABLE `tb_det_boleta` DISABLE KEYS */;
INSERT INTO `tb_det_boleta` VALUES ('B0001',1001,1,450.50),('B0002',1002,2,200.50);
/*!40000 ALTER TABLE `tb_det_boleta` ENABLE KEYS */;
UNLOCK TABLES;

--
-- Table structure for table `tb_empleados`
--

DROP TABLE IF EXISTS `tb_empleados`;
/*!40101 SET @saved_cs_client     = @@character_set_client */;
/*!50503 SET character_set_client = utf8mb4 */;
CREATE TABLE `tb_empleados` (
  `codigo` int NOT NULL,
  `nombre` varchar(30) DEFAULT NULL,
  `apellido` varchar(30) DEFAULT NULL,
  `puesto` int DEFAULT NULL,
  PRIMARY KEY (`codigo`),
  KEY `puesto` (`puesto`),
  CONSTRAINT `tb_empleados_ibfk_1` FOREIGN KEY (`puesto`) REFERENCES `tb_puesto` (`id_puesto`)
) ENGINE=InnoDB DEFAULT CHARSET=utf8mb4 COLLATE=utf8mb4_0900_ai_ci;
/*!40101 SET character_set_client = @saved_cs_client */;

--
-- Dumping data for table `tb_empleados`
--

LOCK TABLES `tb_empleados` WRITE;
/*!40000 ALTER TABLE `tb_empleados` DISABLE KEYS */;
INSERT INTO `tb_empleados` VALUES (100,'Jose','Perez',1),(101,'Maria','Peralta',2),(102,'Luis','Sanchez',2),(103,'Pedro','Galvez',3),(104,'Carlos','Alcocer',1);
/*!40000 ALTER TABLE `tb_empleados` ENABLE KEYS */;
UNLOCK TABLES;

--
-- Table structure for table `tb_productos`
--

DROP TABLE IF EXISTS `tb_productos`;
/*!40101 SET @saved_cs_client     = @@character_set_client */;
/*!50503 SET character_set_client = utf8mb4 */;
CREATE TABLE `tb_productos` (
  `cod_prod` int NOT NULL,
  `cod_provee` int DEFAULT NULL,
  `descripcion` varchar(50) DEFAULT NULL,
  `idtipo` int DEFAULT NULL,
  `stock` int DEFAULT NULL,
  `precio` decimal(8,2) DEFAULT NULL,
  PRIMARY KEY (`cod_prod`),
  KEY `idtipo` (`idtipo`),
  KEY `cod_provee` (`cod_provee`),
  CONSTRAINT `tb_productos_ibfk_1` FOREIGN KEY (`idtipo`) REFERENCES `tb_tipo` (`idtipo`),
  CONSTRAINT `tb_productos_ibfk_2` FOREIGN KEY (`cod_provee`) REFERENCES `tb_proveedores` (`cod_provee`)
) ENGINE=InnoDB DEFAULT CHARSET=utf8mb4 COLLATE=utf8mb4_0900_ai_ci;
/*!40101 SET character_set_client = @saved_cs_client */;

--
-- Dumping data for table `tb_productos`
--

LOCK TABLES `tb_productos` WRITE;
/*!40000 ALTER TABLE `tb_productos` DISABLE KEYS */;
INSERT INTO `tb_productos` VALUES (1001,1004,'Cama con tarima adultos',1,10,450.50),(1002,1002,'Cama niños',4,10,200.50),(1003,1002,'Sillon crema',2,5,300.00),(1004,1003,'Sillon blanco',2,5,300.00),(1005,1001,'Mesa comedor con juego de sillas',3,8,500.50),(1006,1003,'Silla reclinable acolchadas',4,14,120.00);
/*!40000 ALTER TABLE `tb_productos` ENABLE KEYS */;
UNLOCK TABLES;

--
-- Table structure for table `tb_proveedores`
--

DROP TABLE IF EXISTS `tb_proveedores`;
/*!40101 SET @saved_cs_client     = @@character_set_client */;
/*!50503 SET character_set_client = utf8mb4 */;
CREATE TABLE `tb_proveedores` (
  `cod_provee` int NOT NULL,
  `razon` varchar(30) DEFAULT NULL,
  `ruc` int DEFAULT NULL,
  PRIMARY KEY (`cod_provee`)
) ENGINE=InnoDB DEFAULT CHARSET=utf8mb4 COLLATE=utf8mb4_0900_ai_ci;
/*!40101 SET character_set_client = @saved_cs_client */;

--
-- Dumping data for table `tb_proveedores`
--

LOCK TABLES `tb_proveedores` WRITE;
/*!40000 ALTER TABLE `tb_proveedores` DISABLE KEYS */;
INSERT INTO `tb_proveedores` VALUES (1001,'Muebles Angel',123654789),(1002,'Paraiso del sol',233654739),(1003,'Horizontes',212444478),(1004,'Tigre',512365479);
/*!40000 ALTER TABLE `tb_proveedores` ENABLE KEYS */;
UNLOCK TABLES;

--
-- Table structure for table `tb_puesto`
--

DROP TABLE IF EXISTS `tb_puesto`;
/*!40101 SET @saved_cs_client     = @@character_set_client */;
/*!50503 SET character_set_client = utf8mb4 */;
CREATE TABLE `tb_puesto` (
  `id_puesto` int NOT NULL,
  `des_puesto` varchar(30) DEFAULT NULL,
  PRIMARY KEY (`id_puesto`)
) ENGINE=InnoDB DEFAULT CHARSET=utf8mb4 COLLATE=utf8mb4_0900_ai_ci;
/*!40101 SET character_set_client = @saved_cs_client */;

--
-- Dumping data for table `tb_puesto`
--

LOCK TABLES `tb_puesto` WRITE;
/*!40000 ALTER TABLE `tb_puesto` DISABLE KEYS */;
INSERT INTO `tb_puesto` VALUES (1,'Supervisor'),(2,'Vendedor'),(3,'Almacen'),(4,'Despacho');
/*!40000 ALTER TABLE `tb_puesto` ENABLE KEYS */;
UNLOCK TABLES;

--
-- Table structure for table `tb_tipo`
--

DROP TABLE IF EXISTS `tb_tipo`;
/*!40101 SET @saved_cs_client     = @@character_set_client */;
/*!50503 SET character_set_client = utf8mb4 */;
CREATE TABLE `tb_tipo` (
  `idtipo` int NOT NULL,
  `des_tipo` varchar(50) DEFAULT NULL,
  PRIMARY KEY (`idtipo`)
) ENGINE=InnoDB DEFAULT CHARSET=utf8mb4 COLLATE=utf8mb4_0900_ai_ci;
/*!40101 SET character_set_client = @saved_cs_client */;

--
-- Dumping data for table `tb_tipo`
--

LOCK TABLES `tb_tipo` WRITE;
/*!40000 ALTER TABLE `tb_tipo` DISABLE KEYS */;
INSERT INTO `tb_tipo` VALUES (1,'Juego Dormitorio'),(2,'Juego Sala'),(3,'Juego Comedor'),(4,'Juego Dormitorio Niños'),(5,'Juego Aire Libre');
/*!40000 ALTER TABLE `tb_tipo` ENABLE KEYS */;
UNLOCK TABLES;

--
-- Table structure for table `tb_tipos`
--

DROP TABLE IF EXISTS `tb_tipos`;
/*!40101 SET @saved_cs_client     = @@character_set_client */;
/*!50503 SET character_set_client = utf8mb4 */;
CREATE TABLE `tb_tipos` (
  `idtipo` int NOT NULL,
  `descripcion` varchar(15) DEFAULT NULL,
  PRIMARY KEY (`idtipo`)
) ENGINE=InnoDB DEFAULT CHARSET=utf8mb4 COLLATE=utf8mb4_0900_ai_ci;
/*!40101 SET character_set_client = @saved_cs_client */;

--
-- Dumping data for table `tb_tipos`
--

LOCK TABLES `tb_tipos` WRITE;
/*!40000 ALTER TABLE `tb_tipos` DISABLE KEYS */;
INSERT INTO `tb_tipos` VALUES (0,'Dios'),(1,'administrador'),(2,'empleado');
/*!40000 ALTER TABLE `tb_tipos` ENABLE KEYS */;
UNLOCK TABLES;

--
-- Table structure for table `tb_usuarios`
--

DROP TABLE IF EXISTS `tb_usuarios`;
/*!40101 SET @saved_cs_client     = @@character_set_client */;
/*!50503 SET character_set_client = utf8mb4 */;
CREATE TABLE `tb_usuarios` (
  `codigo` int NOT NULL AUTO_INCREMENT,
  `nombre` varchar(15) DEFAULT NULL,
  `apellido` varchar(25) DEFAULT NULL,
  `usuario` char(45) NOT NULL,
  `clave` char(5) DEFAULT NULL,
  `fnacim` date DEFAULT NULL,
  `tipo` int DEFAULT '2',
  PRIMARY KEY (`codigo`),
  KEY `tipo` (`tipo`),
  CONSTRAINT `tb_usuarios_ibfk_1` FOREIGN KEY (`tipo`) REFERENCES `tb_tipos` (`idtipo`)
) ENGINE=InnoDB AUTO_INCREMENT=4 DEFAULT CHARSET=utf8mb4 COLLATE=utf8mb4_0900_ai_ci;
/*!40101 SET character_set_client = @saved_cs_client */;

--
-- Dumping data for table `tb_usuarios`
--

LOCK TABLES `tb_usuarios` WRITE;
/*!40000 ALTER TABLE `tb_usuarios` DISABLE KEYS */;
INSERT INTO `tb_usuarios` VALUES (1,'Jordi','Cancho','U001@gmail.com','00001','2023-05-23',1),(2,'Franco','Cerna','U002@gmail.com','00002','2023-05-23',1),(3,'Carlos','Alcocer','U003@gmail.com','00003','2023-05-23',2);
/*!40000 ALTER TABLE `tb_usuarios` ENABLE KEYS */;
UNLOCK TABLES;

--
-- Dumping events for database 'mobiliaria'
--

--
-- Dumping routines for database 'mobiliaria'
--
/*!50003 DROP PROCEDURE IF EXISTS `usp_buscarEmpleado` */;
/*!50003 SET @saved_cs_client      = @@character_set_client */ ;
/*!50003 SET @saved_cs_results     = @@character_set_results */ ;
/*!50003 SET @saved_col_connection = @@collation_connection */ ;
/*!50003 SET character_set_client  = utf8mb4 */ ;
/*!50003 SET character_set_results = utf8mb4 */ ;
/*!50003 SET collation_connection  = utf8mb4_0900_ai_ci */ ;
/*!50003 SET @saved_sql_mode       = @@sql_mode */ ;
/*!50003 SET sql_mode              = 'STRICT_TRANS_TABLES,NO_ENGINE_SUBSTITUTION' */ ;
DELIMITER ;;
CREATE DEFINER=`root`@`localhost` PROCEDURE `usp_buscarEmpleado`(codigo_e int)
begin
select t.codigo , t.nombre , t.apellido , t.puesto , p.des_puesto from tb_empleados t 
join tb_puesto p 
on t.puesto = p.id_puesto 
where codigo = codigo_e;
end ;;
DELIMITER ;
/*!50003 SET sql_mode              = @saved_sql_mode */ ;
/*!50003 SET character_set_client  = @saved_cs_client */ ;
/*!50003 SET character_set_results = @saved_cs_results */ ;
/*!50003 SET collation_connection  = @saved_col_connection */ ;
/*!50003 DROP PROCEDURE IF EXISTS `usp_crearClientes` */;
/*!50003 SET @saved_cs_client      = @@character_set_client */ ;
/*!50003 SET @saved_cs_results     = @@character_set_results */ ;
/*!50003 SET @saved_col_connection = @@collation_connection */ ;
/*!50003 SET character_set_client  = utf8mb4 */ ;
/*!50003 SET character_set_results = utf8mb4 */ ;
/*!50003 SET collation_connection  = utf8mb4_0900_ai_ci */ ;
/*!50003 SET @saved_sql_mode       = @@sql_mode */ ;
/*!50003 SET sql_mode              = 'STRICT_TRANS_TABLES,NO_ENGINE_SUBSTITUTION' */ ;
DELIMITER ;;
CREATE DEFINER=`root`@`localhost` PROCEDURE `usp_crearClientes`(nombre_e	VARCHAR(30),	apellido_e	VARCHAR(30),	cod_cliente_e	int)
begin
insert into tb_clientes values (nombre_e , apellido_e , cod_cliente_e);
end ;;
DELIMITER ;
/*!50003 SET sql_mode              = @saved_sql_mode */ ;
/*!50003 SET character_set_client  = @saved_cs_client */ ;
/*!50003 SET character_set_results = @saved_cs_results */ ;
/*!50003 SET collation_connection  = @saved_col_connection */ ;
/*!50003 DROP PROCEDURE IF EXISTS `usp_crearEmpleado` */;
/*!50003 SET @saved_cs_client      = @@character_set_client */ ;
/*!50003 SET @saved_cs_results     = @@character_set_results */ ;
/*!50003 SET @saved_col_connection = @@collation_connection */ ;
/*!50003 SET character_set_client  = utf8mb4 */ ;
/*!50003 SET character_set_results = utf8mb4 */ ;
/*!50003 SET collation_connection  = utf8mb4_0900_ai_ci */ ;
/*!50003 SET @saved_sql_mode       = @@sql_mode */ ;
/*!50003 SET sql_mode              = 'STRICT_TRANS_TABLES,NO_ENGINE_SUBSTITUTION' */ ;
DELIMITER ;;
CREATE DEFINER=`root`@`localhost` PROCEDURE `usp_crearEmpleado`(codigo int, nombre VARCHAR(30),apellido	VARCHAR(30) ,puesto INT)
begin
insert into tb_empleados values (codigo , nombre , apellido , puesto);
end ;;
DELIMITER ;
/*!50003 SET sql_mode              = @saved_sql_mode */ ;
/*!50003 SET character_set_client  = @saved_cs_client */ ;
/*!50003 SET character_set_results = @saved_cs_results */ ;
/*!50003 SET collation_connection  = @saved_col_connection */ ;
/*!50003 DROP PROCEDURE IF EXISTS `usp_crearProductos` */;
/*!50003 SET @saved_cs_client      = @@character_set_client */ ;
/*!50003 SET @saved_cs_results     = @@character_set_results */ ;
/*!50003 SET @saved_col_connection = @@collation_connection */ ;
/*!50003 SET character_set_client  = utf8mb4 */ ;
/*!50003 SET character_set_results = utf8mb4 */ ;
/*!50003 SET collation_connection  = utf8mb4_0900_ai_ci */ ;
/*!50003 SET @saved_sql_mode       = @@sql_mode */ ;
/*!50003 SET sql_mode              = 'STRICT_TRANS_TABLES,NO_ENGINE_SUBSTITUTION' */ ;
DELIMITER ;;
CREATE DEFINER=`root`@`localhost` PROCEDURE `usp_crearProductos`(cod_prod_e	int , cod_provee_e  int, des_prod_e	VARCHAR(50), idtipo_e	int, stock_e	int, precio_e	decimal(8,2))
begin
insert into tb_productos values (cod_prod_e	 , cod_provee_e  , des_prod_e	, idtipo_e	, stock_e	, precio_e	);
end ;;
DELIMITER ;
/*!50003 SET sql_mode              = @saved_sql_mode */ ;
/*!50003 SET character_set_client  = @saved_cs_client */ ;
/*!50003 SET character_set_results = @saved_cs_results */ ;
/*!50003 SET collation_connection  = @saved_col_connection */ ;
/*!50003 DROP PROCEDURE IF EXISTS `usp_crearProveedor` */;
/*!50003 SET @saved_cs_client      = @@character_set_client */ ;
/*!50003 SET @saved_cs_results     = @@character_set_results */ ;
/*!50003 SET @saved_col_connection = @@collation_connection */ ;
/*!50003 SET character_set_client  = utf8mb4 */ ;
/*!50003 SET character_set_results = utf8mb4 */ ;
/*!50003 SET collation_connection  = utf8mb4_0900_ai_ci */ ;
/*!50003 SET @saved_sql_mode       = @@sql_mode */ ;
/*!50003 SET sql_mode              = 'STRICT_TRANS_TABLES,NO_ENGINE_SUBSTITUTION' */ ;
DELIMITER ;;
CREATE DEFINER=`root`@`localhost` PROCEDURE `usp_crearProveedor`(raz_soc_e VARCHAR(30),	ruc_e		int,	cod_provee_e int)
begin
insert into tb_proveedores values (raz_soc_e , ruc_e , cod_provee_e);
end ;;
DELIMITER ;
/*!50003 SET sql_mode              = @saved_sql_mode */ ;
/*!50003 SET character_set_client  = @saved_cs_client */ ;
/*!50003 SET character_set_results = @saved_cs_results */ ;
/*!50003 SET collation_connection  = @saved_col_connection */ ;
/*!50003 DROP PROCEDURE IF EXISTS `usp_eliminarClientes` */;
/*!50003 SET @saved_cs_client      = @@character_set_client */ ;
/*!50003 SET @saved_cs_results     = @@character_set_results */ ;
/*!50003 SET @saved_col_connection = @@collation_connection */ ;
/*!50003 SET character_set_client  = utf8mb4 */ ;
/*!50003 SET character_set_results = utf8mb4 */ ;
/*!50003 SET collation_connection  = utf8mb4_0900_ai_ci */ ;
/*!50003 SET @saved_sql_mode       = @@sql_mode */ ;
/*!50003 SET sql_mode              = 'STRICT_TRANS_TABLES,NO_ENGINE_SUBSTITUTION' */ ;
DELIMITER ;;
CREATE DEFINER=`root`@`localhost` PROCEDURE `usp_eliminarClientes`(cod_cliente_e	int)
begin
delete from tb_clientes where cod_cliente = cod_cliente_e ;
end ;;
DELIMITER ;
/*!50003 SET sql_mode              = @saved_sql_mode */ ;
/*!50003 SET character_set_client  = @saved_cs_client */ ;
/*!50003 SET character_set_results = @saved_cs_results */ ;
/*!50003 SET collation_connection  = @saved_col_connection */ ;
/*!50003 DROP PROCEDURE IF EXISTS `usp_eliminarEmpleado` */;
/*!50003 SET @saved_cs_client      = @@character_set_client */ ;
/*!50003 SET @saved_cs_results     = @@character_set_results */ ;
/*!50003 SET @saved_col_connection = @@collation_connection */ ;
/*!50003 SET character_set_client  = utf8mb4 */ ;
/*!50003 SET character_set_results = utf8mb4 */ ;
/*!50003 SET collation_connection  = utf8mb4_0900_ai_ci */ ;
/*!50003 SET @saved_sql_mode       = @@sql_mode */ ;
/*!50003 SET sql_mode              = 'STRICT_TRANS_TABLES,NO_ENGINE_SUBSTITUTION' */ ;
DELIMITER ;;
CREATE DEFINER=`root`@`localhost` PROCEDURE `usp_eliminarEmpleado`(codigo_e int)
begin
delete from tb_empleados where codigo = codigo_e ;
end ;;
DELIMITER ;
/*!50003 SET sql_mode              = @saved_sql_mode */ ;
/*!50003 SET character_set_client  = @saved_cs_client */ ;
/*!50003 SET character_set_results = @saved_cs_results */ ;
/*!50003 SET collation_connection  = @saved_col_connection */ ;
/*!50003 DROP PROCEDURE IF EXISTS `usp_eliminarProductos` */;
/*!50003 SET @saved_cs_client      = @@character_set_client */ ;
/*!50003 SET @saved_cs_results     = @@character_set_results */ ;
/*!50003 SET @saved_col_connection = @@collation_connection */ ;
/*!50003 SET character_set_client  = utf8mb4 */ ;
/*!50003 SET character_set_results = utf8mb4 */ ;
/*!50003 SET collation_connection  = utf8mb4_0900_ai_ci */ ;
/*!50003 SET @saved_sql_mode       = @@sql_mode */ ;
/*!50003 SET sql_mode              = 'STRICT_TRANS_TABLES,NO_ENGINE_SUBSTITUTION' */ ;
DELIMITER ;;
CREATE DEFINER=`root`@`localhost` PROCEDURE `usp_eliminarProductos`(cod_prod_e	int)
begin
delete from tb_productos where cod_prod = cod_prod_e ;
end ;;
DELIMITER ;
/*!50003 SET sql_mode              = @saved_sql_mode */ ;
/*!50003 SET character_set_client  = @saved_cs_client */ ;
/*!50003 SET character_set_results = @saved_cs_results */ ;
/*!50003 SET collation_connection  = @saved_col_connection */ ;
/*!50003 DROP PROCEDURE IF EXISTS `usp_eliminarProveedor` */;
/*!50003 SET @saved_cs_client      = @@character_set_client */ ;
/*!50003 SET @saved_cs_results     = @@character_set_results */ ;
/*!50003 SET @saved_col_connection = @@collation_connection */ ;
/*!50003 SET character_set_client  = utf8mb4 */ ;
/*!50003 SET character_set_results = utf8mb4 */ ;
/*!50003 SET collation_connection  = utf8mb4_0900_ai_ci */ ;
/*!50003 SET @saved_sql_mode       = @@sql_mode */ ;
/*!50003 SET sql_mode              = 'STRICT_TRANS_TABLES,NO_ENGINE_SUBSTITUTION' */ ;
DELIMITER ;;
CREATE DEFINER=`root`@`localhost` PROCEDURE `usp_eliminarProveedor`(cod_provee_e int)
begin
delete from tb_proveedores where cod_provee = cod_provee_e ;
end ;;
DELIMITER ;
/*!50003 SET sql_mode              = @saved_sql_mode */ ;
/*!50003 SET character_set_client  = @saved_cs_client */ ;
/*!50003 SET character_set_results = @saved_cs_results */ ;
/*!50003 SET collation_connection  = @saved_col_connection */ ;
/*!50003 DROP PROCEDURE IF EXISTS `usp_listarProd` */;
/*!50003 SET @saved_cs_client      = @@character_set_client */ ;
/*!50003 SET @saved_cs_results     = @@character_set_results */ ;
/*!50003 SET @saved_col_connection = @@collation_connection */ ;
/*!50003 SET character_set_client  = utf8mb4 */ ;
/*!50003 SET character_set_results = utf8mb4 */ ;
/*!50003 SET collation_connection  = utf8mb4_0900_ai_ci */ ;
/*!50003 SET @saved_sql_mode       = @@sql_mode */ ;
/*!50003 SET sql_mode              = 'STRICT_TRANS_TABLES,NO_ENGINE_SUBSTITUTION' */ ;
DELIMITER ;;
CREATE DEFINER=`root`@`localhost` PROCEDURE `usp_listarProd`()
begin
select pr.cod_prod, pr.des_prod, pr.cod_provee, pv.raz_soc, pr.idtipo, ti.des_tipo, pr.stock, pr.precio FROM tb_productos as pr JOIN tb_proveedores as pv JOIN  tb_tipo as ti
ON pr.cod_provee = pv.cod_provee AND pr.idtipo = ti.idtipo; 
end ;;
DELIMITER ;
/*!50003 SET sql_mode              = @saved_sql_mode */ ;
/*!50003 SET character_set_client  = @saved_cs_client */ ;
/*!50003 SET character_set_results = @saved_cs_results */ ;
/*!50003 SET collation_connection  = @saved_col_connection */ ;
/*!50003 DROP PROCEDURE IF EXISTS `usp_modificarClientes` */;
/*!50003 SET @saved_cs_client      = @@character_set_client */ ;
/*!50003 SET @saved_cs_results     = @@character_set_results */ ;
/*!50003 SET @saved_col_connection = @@collation_connection */ ;
/*!50003 SET character_set_client  = utf8mb4 */ ;
/*!50003 SET character_set_results = utf8mb4 */ ;
/*!50003 SET collation_connection  = utf8mb4_0900_ai_ci */ ;
/*!50003 SET @saved_sql_mode       = @@sql_mode */ ;
/*!50003 SET sql_mode              = 'STRICT_TRANS_TABLES,NO_ENGINE_SUBSTITUTION' */ ;
DELIMITER ;;
CREATE DEFINER=`root`@`localhost` PROCEDURE `usp_modificarClientes`(nombre_e	VARCHAR(30),	apellido_e	VARCHAR(30),	cod_cliente_e	int)
begin
update tb_clientes set nombre = nombre_e ,  apellido  = apellido_e  where cod_cliente = cod_cliente_e;
end ;;
DELIMITER ;
/*!50003 SET sql_mode              = @saved_sql_mode */ ;
/*!50003 SET character_set_client  = @saved_cs_client */ ;
/*!50003 SET character_set_results = @saved_cs_results */ ;
/*!50003 SET collation_connection  = @saved_col_connection */ ;
/*!50003 DROP PROCEDURE IF EXISTS `usp_modificarEmpleado` */;
/*!50003 SET @saved_cs_client      = @@character_set_client */ ;
/*!50003 SET @saved_cs_results     = @@character_set_results */ ;
/*!50003 SET @saved_col_connection = @@collation_connection */ ;
/*!50003 SET character_set_client  = utf8mb4 */ ;
/*!50003 SET character_set_results = utf8mb4 */ ;
/*!50003 SET collation_connection  = utf8mb4_0900_ai_ci */ ;
/*!50003 SET @saved_sql_mode       = @@sql_mode */ ;
/*!50003 SET sql_mode              = 'STRICT_TRANS_TABLES,NO_ENGINE_SUBSTITUTION' */ ;
DELIMITER ;;
CREATE DEFINER=`root`@`localhost` PROCEDURE `usp_modificarEmpleado`(codigo_e int, nombre_e VARCHAR(30),apellido_e	VARCHAR(30) ,puesto_e INT)
begin
update tb_empleados set nombre = nombre_e ,  apellido  = apellido_e , puesto = puesto_e where codigo = codigo_e;
end ;;
DELIMITER ;
/*!50003 SET sql_mode              = @saved_sql_mode */ ;
/*!50003 SET character_set_client  = @saved_cs_client */ ;
/*!50003 SET character_set_results = @saved_cs_results */ ;
/*!50003 SET collation_connection  = @saved_col_connection */ ;
/*!50003 DROP PROCEDURE IF EXISTS `usp_modificarProductos` */;
/*!50003 SET @saved_cs_client      = @@character_set_client */ ;
/*!50003 SET @saved_cs_results     = @@character_set_results */ ;
/*!50003 SET @saved_col_connection = @@collation_connection */ ;
/*!50003 SET character_set_client  = utf8mb4 */ ;
/*!50003 SET character_set_results = utf8mb4 */ ;
/*!50003 SET collation_connection  = utf8mb4_0900_ai_ci */ ;
/*!50003 SET @saved_sql_mode       = @@sql_mode */ ;
/*!50003 SET sql_mode              = 'STRICT_TRANS_TABLES,NO_ENGINE_SUBSTITUTION' */ ;
DELIMITER ;;
CREATE DEFINER=`root`@`localhost` PROCEDURE `usp_modificarProductos`(cod_prod_e	int , cod_provee_e  int, des_prod_e	VARCHAR(50), idtipo_e	int, stock_e	int, precio_e	decimal(8,2))
begin
update tb_productos set stock = stock_e ,  cod_provee  = cod_provee_e  ,    des_prod    = des_prod_e ,idtipo  = idtipo_e,precio = precio_e where cod_prod = cod_prod_e;
end ;;
DELIMITER ;
/*!50003 SET sql_mode              = @saved_sql_mode */ ;
/*!50003 SET character_set_client  = @saved_cs_client */ ;
/*!50003 SET character_set_results = @saved_cs_results */ ;
/*!50003 SET collation_connection  = @saved_col_connection */ ;
/*!50003 DROP PROCEDURE IF EXISTS `usp_modificarProveedor` */;
/*!50003 SET @saved_cs_client      = @@character_set_client */ ;
/*!50003 SET @saved_cs_results     = @@character_set_results */ ;
/*!50003 SET @saved_col_connection = @@collation_connection */ ;
/*!50003 SET character_set_client  = utf8mb4 */ ;
/*!50003 SET character_set_results = utf8mb4 */ ;
/*!50003 SET collation_connection  = utf8mb4_0900_ai_ci */ ;
/*!50003 SET @saved_sql_mode       = @@sql_mode */ ;
/*!50003 SET sql_mode              = 'STRICT_TRANS_TABLES,NO_ENGINE_SUBSTITUTION' */ ;
DELIMITER ;;
CREATE DEFINER=`root`@`localhost` PROCEDURE `usp_modificarProveedor`(raz_soc_e VARCHAR(30),	ruc_e		int,	cod_provee_e int)
begin
update tb_proveedores set raz_soc = raz_soc_e ,  ruc  = ruc_e  where cod_provee = cod_provee_e;
end ;;
DELIMITER ;
/*!50003 SET sql_mode              = @saved_sql_mode */ ;
/*!50003 SET character_set_client  = @saved_cs_client */ ;
/*!50003 SET character_set_results = @saved_cs_results */ ;
/*!50003 SET collation_connection  = @saved_col_connection */ ;
/*!50003 DROP PROCEDURE IF EXISTS `usp_reporte` */;
/*!50003 SET @saved_cs_client      = @@character_set_client */ ;
/*!50003 SET @saved_cs_results     = @@character_set_results */ ;
/*!50003 SET @saved_col_connection = @@collation_connection */ ;
/*!50003 SET character_set_client  = utf8mb4 */ ;
/*!50003 SET character_set_results = utf8mb4 */ ;
/*!50003 SET collation_connection  = utf8mb4_0900_ai_ci */ ;
/*!50003 SET @saved_sql_mode       = @@sql_mode */ ;
/*!50003 SET sql_mode              = 'STRICT_TRANS_TABLES,NO_ENGINE_SUBSTITUTION' */ ;
DELIMITER ;;
CREATE DEFINER=`root`@`localhost` PROCEDURE `usp_reporte`(num_bol_e	char(5))
begin
select b.cod_prod , p.precio , b.cantidad , p.des_prod , b.preciovta  from tb_det_boleta b
join  tb_productos p
on b.cod_prod = p.cod_prod
where b.num_bol = num_bol_e ;
end ;;
DELIMITER ;
/*!50003 SET sql_mode              = @saved_sql_mode */ ;
/*!50003 SET character_set_client  = @saved_cs_client */ ;
/*!50003 SET character_set_results = @saved_cs_results */ ;
/*!50003 SET collation_connection  = @saved_col_connection */ ;
/*!50003 DROP PROCEDURE IF EXISTS `usp_validaAcceso` */;
/*!50003 SET @saved_cs_client      = @@character_set_client */ ;
/*!50003 SET @saved_cs_results     = @@character_set_results */ ;
/*!50003 SET @saved_col_connection = @@collation_connection */ ;
/*!50003 SET character_set_client  = utf8mb4 */ ;
/*!50003 SET character_set_results = utf8mb4 */ ;
/*!50003 SET collation_connection  = utf8mb4_0900_ai_ci */ ;
/*!50003 SET @saved_sql_mode       = @@sql_mode */ ;
/*!50003 SET sql_mode              = 'STRICT_TRANS_TABLES,NO_ENGINE_SUBSTITUTION' */ ;
DELIMITER ;;
CREATE DEFINER=`root`@`localhost` PROCEDURE `usp_validaAcceso`(usr char(45), pas char(5))
begin
select * from tb_usuarios where usuario = usr and clave = pas;
end ;;
DELIMITER ;
/*!50003 SET sql_mode              = @saved_sql_mode */ ;
/*!50003 SET character_set_client  = @saved_cs_client */ ;
/*!50003 SET character_set_results = @saved_cs_results */ ;
/*!50003 SET collation_connection  = @saved_col_connection */ ;
/*!40103 SET TIME_ZONE=@OLD_TIME_ZONE */;

/*!40101 SET SQL_MODE=@OLD_SQL_MODE */;
/*!40014 SET FOREIGN_KEY_CHECKS=@OLD_FOREIGN_KEY_CHECKS */;
/*!40014 SET UNIQUE_CHECKS=@OLD_UNIQUE_CHECKS */;
/*!40101 SET CHARACTER_SET_CLIENT=@OLD_CHARACTER_SET_CLIENT */;
/*!40101 SET CHARACTER_SET_RESULTS=@OLD_CHARACTER_SET_RESULTS */;
/*!40101 SET COLLATION_CONNECTION=@OLD_COLLATION_CONNECTION */;
/*!40111 SET SQL_NOTES=@OLD_SQL_NOTES */;

-- Dump completed on 2023-05-31 11:49:42
